{"cameraMode":{"drawMode":0,"name":"Shaded","section":"Shading Mode"},"sceneLighting":false,"audioPlay":false,"sceneViewState":{"showFog":false,"showMaterialUpdate":false,"showSkybox":false,"showFlares":false,"showImageEffects":false,"showParticleSystems":false},"in2DMode":false,"pivot":{"x":-6.490640640258789,"y":1.2262890338897706,"z":4.92728853225708},"rotation":{"x":-0.05407629907131195,"y":0.9389858245849609,"z":-0.17407986521720887,"w":-0.29169532656669619},"size":10.604730606079102,"orthographic":false}